ID,First Name,Last Name,Gender,Phone,Email,Username,Password
1,Carl,Mason,Male,446513744,CarlMason@gmail.com,carlmason,123
2,Elliott,Carter,Male,241751346,ElliottCarter@gmail.com,elliottcarter,123
3,Jon,Trevor,Male,562796753,JonTrevor@gmail.com,jontrevor,123
4,Malakal,Jordan,Male,688903214,MalakalJordan@gmail.com,malakaljordan,123
5,Remi,Arina,Female,649276256,RemiArina@gmail.com,remiarina,123
6,Dominik,Dominic,Male,404661389,DominikDominic@gmail.com,dominikdominic,123
7,Kendra,Catherine,Female,470519406,KendraCatherine@gmail.com,kendracatherine,123
8,Zachary,Jordan,Male,863928003,ZacharyJordan@gmail.com,zacharyjordan,123
9,Collin,Sebastian,Male,709589145,CollinSebastian@gmail.com,collinsebastian,123
10,Lorenzo,Shawn,Male,279726134,LorenzoShawn@gmail.com,lorenzoshawn,123
11,Chanel,Jasmin,Female,273729919,ChanelJasmin@gmail.com,chaneljasmin,123
12,Hayden,Sara,Female,656632045,HaydenSara@gmail.com,haydensara,123
13,Hallie,Ana,Female,285477666,HallieAna@gmail.com,hallieana,123
14,Decker,Henry,Male,589129974,DeckerHenry@gmail.com,deckerhenry,123
15,Marie,Bailey,Female,868208323,MarieBailey@gmail.com,mariebailey,123
16,Frank,Mark,Male,599745364,FrankMark@gmail.com,frankmark,123
17,Elsie,Hailey,Female,724724520,ElsieHailey@gmail.com,elsiehailey,123
18,Salvador,William,Male,719728875,SalvadorWilliam@gmail.com,salvadorwilliam,123
19,Ashton,Braden,Male,311218593,AshtonBraden@gmail.com,ashtonbraden,123
20,Yousef,Conner,Male,776721467,YousefConner@gmail.com,yousefconner,123
21,Prince,Matthew,Male,515332762,PrinceMatthew@gmail.com,princematthew,123
22,Angelo,Carlos,Male,725520113,AngeloCarlos@gmail.com,angelocarlos,123
23,Cynthia,Lindsey,Female,542858103,CynthiaLindsey@gmail.com,cynthialindsey,123
24,Braxton,Chase,Male,547335328,BraxtonChase@gmail.com,braxtonchase,123
25,Jeremiah,Samuel,Male,330751554,JeremiahSamuel@gmail.com,jeremiahsamuel,123
26,Maliyah,Jocelyn,Female,363148667,MaliyahJocelyn@gmail.com,maliyahjocelyn,123
27,Marissa,Ruby,Female,313024285,MarissaRuby@gmail.com,marissaruby,123
28,Khalil,Mason,Male,779286067,KhalilMason@gmail.com,khalilmason,123
29,Jaylene,Autumn,Female,659703497,JayleneAutumn@gmail.com,jayleneautumn,123
30,Lennon,Daniel,Male,727626636,LennonDaniel@gmail.com,lennondaniel,123
